transaction_id,customer_id,amount,timestamp,location,payment_method
1,45,224.83570765056163,2026-02-26 16:15:32.960472,Karachi,Online
2,23,193.08678494144075,2026-02-26 16:15:42.960472,Islamabad,Cash
3,41,232.38442690503462,2026-02-26 16:15:52.960472,Lahore,Online
4,43,276.15149282040124,2026-02-26 16:16:02.960472,Karachi,Online
5,15,188.2923312638332,2026-02-26 16:16:12.960472,Karachi,Card
6,25,188.29315215254098,2026-02-26 16:16:22.960472,Lahore,Online
7,16,278.9606407753696,2026-02-26 16:16:32.960472,Lahore,Card
8,49,238.37173645764545,2026-02-26 16:16:42.960472,Karachi,Online
9,6,176.52628070325238,2026-02-26 16:16:52.960472,Islamabad,Online
10,36,227.12800217929822,2026-02-26 16:17:02.960472,Lahore,Card
11,39,176.82911535937689,2026-02-26 16:17:12.960472,Karachi,Cash
12,33,176.71351232148714,2026-02-26 16:17:22.960472,Islamabad,Cash
13,18,212.0981135783017,2026-02-26 16:17:32.960472,Islamabad,Online
14,46,104.33598776711011,2026-02-26 16:17:42.960472,Islamabad,Card
15,45,113.75410837434836,2026-02-26 16:17:52.960472,Lahore,Online
16,20,171.88562353795137,2026-02-26 16:18:02.960472,Lahore,Cash
17,37,149.35844398327882,2026-02-26 16:18:12.960472,Lahore,Cash
18,44,215.7123666297637,2026-02-26 16:18:22.960472,Lahore,Online
19,41,154.59879622393944,2026-02-26 16:18:32.960472,Karachi,Card
20,20,129.38481493323542,2026-02-26 16:18:42.960472,Lahore,Online
21,36,273.2824384460777,2026-02-26 16:18:52.960472,Lahore,Online
22,33,188.7111849756732,2026-02-26 16:19:02.960472,Lahore,Cash
23,25,203.3764102343962,2026-02-26 16:19:12.960472,Karachi,Card
24,32,128.76259068932717,2026-02-26 16:19:22.960472,Karachi,Card
25,19,172.78086377374086,2026-02-26 16:19:32.960472,Islamabad,Online
26,19,205.5461294854933,2026-02-26 16:19:42.960472,Islamabad,Cash
27,29,142.45032112888487,2026-02-26 16:19:52.960472,Islamabad,Cash
28,43,218.7849009172836,2026-02-26 16:20:02.960472,Lahore,Cash
29,2,169.96806550405975,2026-02-26 16:20:12.960472,Islamabad,Card
30,3,185.41531251033615,2026-02-26 16:20:22.960472,Islamabad,Cash
31,16,169.91466938853014,2026-02-26 16:20:32.960472,Lahore,Online
32,9,292.6139092254469,2026-02-26 16:20:42.960472,Islamabad,Cash
33,50,199.3251387631033,2026-02-26 16:20:52.960472,Islamabad,Cash
34,7,147.114453552205,2026-02-26 16:21:02.960472,Lahore,Online
35,12,241.12724560515946,2026-02-26 16:21:12.960472,Islamabad,Online
36,50,138.9578175014489,2026-02-26 16:21:22.960472,Lahore,Cash
37,5,210.44317975023776,2026-02-26 16:21:32.960472,Lahore,Card
38,10,102.01649380601123,2026-02-26 16:21:42.960472,Islamabad,Cash
39,7,133.59069755507846,2026-02-26 16:21:52.960472,Karachi,Cash
40,7,209.84306179345617,2026-02-26 16:22:02.960472,Karachi,Cash
41,8,236.92332899977052,2026-02-26 16:22:12.960472,Lahore,Online
42,39,208.56841405949854,2026-02-26 16:22:22.960472,Lahore,Cash
43,13,194.21758588058796,2026-02-26 16:22:32.960472,Islamabad,Card
44,20,184.94481522053556,2026-02-26 16:22:42.960472,Lahore,Card
45,35,126.07390048162863,2026-02-26 16:22:52.960472,Islamabad,Cash
46,36,164.00778958026456,2026-02-26 16:23:02.960472,Karachi,Card
47,15,7809.345096873807,2026-02-26 16:23:12.960472,Lahore,Cash
48,35,252.85611131094578,2026-02-26 16:23:22.960472,Islamabad,Online
49,43,143.47238476592167,2026-02-26 16:23:32.960472,Islamabad,Cash
50,31,206.72144413140109,2026-02-26 16:23:42.960472,Karachi,Cash
51,14,229.10613973565196,2026-02-26 16:23:52.960472,Islamabad,Card
52,7,244.38742297966786,2026-02-26 16:24:02.960472,Lahore,Cash
53,23,244.71661650543808,2026-02-26 16:24:12.960472,Karachi,Online
54,27,237.74988986223678,2026-02-26 16:24:22.960472,Karachi,Card
55,9,189.6417054947713,2026-02-26 16:24:32.960472,Karachi,Cash
56,11,168.826130250752,2026-02-26 16:24:42.960472,Lahore,Card
57,22,124.59233552262586,2026-02-26 16:24:52.960472,Islamabad,Online
58,25,254.98234878924103,2026-02-26 16:25:02.960472,Islamabad,Online
59,47,191.11339393646725,2026-02-26 16:25:12.960472,Karachi,Card
60,12,179.48083456568497,2026-02-26 16:25:22.960472,Islamabad,Cash
61,4,258.98581723503503,2026-02-26 16:25:32.960472,Islamabad,Online
62,34,155.08960302721607,2026-02-26 16:25:42.960472,Lahore,Online
63,37,241.7397709615214,2026-02-26 16:25:52.960472,Karachi,Online
64,38,214.82806921644854,2026-02-26 16:26:02.960472,Islamabad,Card
65,29,148.1085061742259,2026-02-26 16:26:12.960472,Lahore,Cash
66,42,196.20981274859074,2026-02-26 16:26:22.960472,Karachi,Cash
67,48,248.64817668778937,2026-02-26 16:26:32.960472,Lahore,Card
68,14,239.7797731947971,2026-02-26 16:26:42.960472,Islamabad,Card
69,5,274.7717126441737,2026-02-26 16:26:52.960472,Lahore,Card
70,38,216.909062599666,2026-02-26 16:27:02.960472,Islamabad,Cash
71,9,368.61481268133366,2026-02-26 16:27:12.960472,Islamabad,Card
72,41,153.9804597466312,2026-02-26 16:27:22.960472,Lahore,Online
73,4,180.06808049923993,2026-02-26 16:27:32.960472,Islamabad,Cash
74,6,196.9567956262627,2026-02-26 16:27:42.960472,Karachi,Card
75,46,129.06247707042985,2026-02-26 16:27:52.960472,Islamabad,Cash
76,5,252.12458086697106,2026-02-26 16:28:02.960472,Lahore,Card
77,47,245.17662453129213,2026-02-26 16:28:12.960472,Lahore,Cash
78,6,200.95001655310747,2026-02-26 16:28:22.960472,Karachi,Cash
79,24,173.27917731632473,2026-02-26 16:28:32.960472,Karachi,Card
80,39,125.24730645928321,2026-02-26 16:28:42.960472,Islamabad,Online
81,24,160.53708356510398,2026-02-26 16:28:52.960472,Karachi,Card
82,3,237.18556418856133,2026-02-26 16:29:02.960472,Karachi,Card
83,3,189.39192891441868,2026-02-26 16:29:12.960472,Islamabad,Card
84,1,178.65656029801386,2026-02-26 16:29:22.960472,Karachi,Card
85,41,225.07241657624024,2026-02-26 16:29:32.960472,Islamabad,Card
86,17,257.9093326466014,2026-02-26 16:29:42.960472,Islamabad,Card
87,39,212.85584350281397,2026-02-26 16:29:52.960472,Islamabad,Online
88,28,215.72564479315858,2026-02-26 16:30:02.960472,Karachi,Cash
89,36,268.59310667748883,2026-02-26 16:30:12.960472,Islamabad,Cash
90,4,208.77766469774164,2026-02-26 16:30:22.960472,Lahore,Online
91,25,184.5355726777711,2026-02-26 16:30:32.960472,Islamabad,Online
92,50,233.65627513869876,2026-02-26 16:30:42.960472,Lahore,Cash
93,32,187.1684908653723,2026-02-26 16:30:52.960472,Karachi,Cash
94,18,181.60871379336194,2026-02-26 16:31:02.960472,Islamabad,Cash
95,29,263.6866810069778,2026-02-26 16:31:12.960472,Karachi,Card
96,39,185.402366458719,2026-02-26 16:31:22.960472,Islamabad,Online
97,8,67.2411976218265,2026-02-26 16:31:32.960472,Lahore,Cash
98,50,217.2758971944383,2026-02-26 16:31:42.960472,Karachi,Cash
99,12,180.22417742098534,2026-02-26 16:31:52.960472,Lahore,Card
100,48,185.5431571765029,2026-02-26 16:32:02.960472,Islamabad,Online
101,16,222.64681632667546,2026-02-26 16:32:12.960472,Islamabad,Cash
102,27,191.69695458244672,2026-02-26 16:32:22.960472,Lahore,Cash
103,29,210.74694150473775,2026-02-26 16:32:32.960472,Lahore,Online
104,10,98.88425334021325,2026-02-26 16:32:42.960472,Karachi,Cash
105,17,152.8471595766369,2026-02-26 16:32:52.960472,Karachi,Cash
106,47,270.1979369329647,2026-02-26 16:33:02.960472,Lahore,Card
107,41,199.07245977441798,2026-02-26 16:33:12.960472,Islamabad,Cash
108,10,116.32476890048883,2026-02-26 16:33:22.960472,Karachi,Card
109,30,146.3734082782171,2026-02-26 16:33:32.960472,Lahore,Cash
110,20,150.3706910298405,2026-02-26 16:33:42.960472,Karachi,Cash
111,19,205.11738412748335,2026-02-26 16:33:52.960472,Islamabad,Card
112,9,178.36953597259935,2026-02-26 16:34:02.960472,Karachi,Card
113,32,167.04088487817612,2026-02-26 16:34:12.960472,Islamabad,Card
114,41,200.19686522157014,2026-02-26 16:34:22.960472,Islamabad,Cash
115,1,223.88770497167636,2026-02-26 16:34:32.960472,Karachi,Cash
116,34,187.04856776305547,2026-02-26 16:34:42.960472,Karachi,Card
117,32,171.26453961933004,2026-02-26 16:34:52.960472,Islamabad,Cash
118,1,178.92508898300582,2026-02-26 16:35:02.960472,Islamabad,Cash
119,4,216.99104820933218,2026-02-26 16:35:12.960472,Lahore,Card
120,44,199.63099250277136,2026-02-26 16:35:22.960472,Lahore,Cash
121,20,238.36484193532021,2026-02-26 16:35:32.960472,Islamabad,Online
122,7,142.51037112528206,2026-02-26 16:35:42.960472,Karachi,Online
123,25,161.2331947021528,2026-02-26 16:35:52.960472,Lahore,Cash
124,5,238.65704279446243,2026-02-26 16:36:02.960472,Karachi,Online
125,48,159.90860783251532,2026-02-26 16:36:12.960472,Lahore,Card
126,35,269.2007859466339,2026-02-26 16:36:22.960472,Islamabad,Online
127,33,270.2602652939094,2026-02-26 16:36:32.960472,Lahore,Card
128,40,269.6162876745951,2026-02-26 16:36:42.960472,Lahore,Card
129,33,155.96795907351154,2026-02-26 16:36:52.960472,Karachi,Online
130,50,203.84474742922856,2026-02-26 16:37:02.960472,Karachi,Card
131,45,175.32837588983367,2026-02-26 16:37:12.960472,Islamabad,Online
132,28,246.15813041709765,2026-02-26 16:37:22.960472,Islamabad,Cash
133,3,285.3302476839231,2026-02-26 16:37:32.960472,Karachi,Card
134,47,243.67947078176894,2026-02-26 16:37:42.960472,Lahore,Online
135,48,200.45721728700687,2026-02-26 16:37:52.960472,Lahore,Card
136,5,181.72303515837285,2026-02-26 16:38:02.960472,Karachi,Cash
137,23,232.4543366314553,2026-02-26 16:38:12.960472,Karachi,Card
138,34,138.85632316623466,2026-02-26 16:38:22.960472,Lahore,Cash
139,29,226.81680161910327,2026-02-26 16:38:32.960472,Islamabad,Cash
140,18,154.26545343693613,2026-02-26 16:38:42.960472,Karachi,Online
141,3,231.02741079808675,2026-02-26 16:38:52.960472,Karachi,Online
142,33,191.95313115684684,2026-02-26 16:39:02.960472,Islamabad,Cash
143,11,180.58678005116928,2026-02-26 16:39:12.960472,Lahore,Online
144,10,155.72438130855755,2026-02-26 16:39:22.960472,Islamabad,Card
145,37,182.1627487115903,2026-02-26 16:39:32.960472,Islamabad,Card
146,30,227.80608992669826,2026-02-26 16:39:42.960472,Lahore,Online
147,28,252.19303054593288,2026-02-26 16:39:52.960472,Islamabad,Cash
148,2,10552.008115994624,2026-02-26 16:40:02.960472,Lahore,Card
149,23,119.62583827193862,2026-02-26 16:40:12.960472,Islamabad,Cash
150,40,209.2316929266152,2026-02-26 16:40:22.960472,Islamabad,Online
151,25,212.99413971242117,2026-02-26 16:40:32.960472,Karachi,Online
152,10,239.09114358886552,2026-02-26 16:40:42.960472,Lahore,Card
153,10,138.1524644560959,2026-02-26 16:40:52.960472,Karachi,Card
154,7,133.9771693457862,2026-02-26 16:41:02.960472,Karachi,Online
155,5,226.09707828084487,2026-02-26 16:41:12.960472,Karachi,Card
156,42,214.8492336616593,2026-02-26 16:41:22.960472,Karachi,Card
157,28,212.52464251729384,2026-02-26 16:41:32.960472,Karachi,Online
158,6,217.3224104748488,2026-02-26 16:41:42.960472,Islamabad,Card
159,23,165.99876392107547,2026-02-26 16:41:52.960472,Islamabad,Card
160,42,211.6126848580502,2026-02-26 16:42:02.960472,Lahore,Card
161,26,214.65362366493406,2026-02-26 16:42:12.960472,Lahore,Card
162,46,164.2824290986816,2026-02-26 16:42:22.960472,Karachi,Online
163,21,293.28872555723785,2026-02-26 16:42:32.960472,Lahore,Card
164,42,223.69164604558938,2026-02-26 16:42:42.960472,Karachi,Card
165,5,140.43482513986757,2026-02-26 16:42:52.960472,Lahore,Cash
166,49,232.82768043169148,2026-02-26 16:43:02.960472,Karachi,Cash
167,29,151.26591648863393,2026-02-26 16:43:12.960472,Lahore,Cash
168,17,239.3542301871226,2026-02-26 16:43:22.960472,Lahore,Online
169,15,257.9297789503702,2026-02-26 16:43:32.960472,Islamabad,Cash
170,1,158.96588408241448,2026-02-26 16:43:42.960472,Islamabad,Online
171,30,248.16880646221608,2026-02-26 16:43:52.960472,Islamabad,Card
172,4,220.63904634682493,2026-02-26 16:44:02.960472,Islamabad,Cash
173,43,241.1030079997245,2026-02-26 16:44:12.960472,Islamabad,Card
174,31,294.8396491326974,2026-02-26 16:44:22.960472,Lahore,Card
175,24,187.73059419985648,2026-02-26 16:44:32.960472,Karachi,Online
176,39,162.31319178212553,2026-02-26 16:44:42.960472,Lahore,Card
177,29,155.52427851872383,2026-02-26 16:44:52.960472,Lahore,Online
178,29,159.2094857517281,2026-02-26 16:45:02.960472,Lahore,Online
179,49,196.1449145292948,2026-02-26 16:45:12.960472,Lahore,Online
180,47,217.0575987408322,2026-02-26 16:45:22.960472,Karachi,Online
181,11,213.83453996650096,2026-02-26 16:45:32.960472,Lahore,Online
182,43,241.35916245180118,2026-02-26 16:45:42.960472,Karachi,Online
183,39,200.65009459389535,2026-02-26 16:45:52.960472,Lahore,Cash
184,20,272.67670385786585,2026-02-26 16:46:02.960472,Karachi,Cash
185,34,186.7671583381022,2026-02-26 16:46:12.960472,Islamabad,Online
186,31,336.00845832948096,2026-02-26 16:46:22.960472,Islamabad,Cash
187,49,231.28336738825033,2026-02-26 16:46:32.960472,Lahore,Cash
188,8,157.1421221791859,2026-02-26 16:46:42.960472,Karachi,Online
189,32,146.45537509694438,2026-02-26 16:46:52.960472,Islamabad,Card
190,22,14404.585843529143,2026-02-26 16:47:02.960472,Islamabad,Cash
191,29,193.79338055591703,2026-02-26 16:47:12.960472,Lahore,Card
192,6,237.01704089738692,2026-02-26 16:47:22.960472,Karachi,Cash
193,50,177.37688838276654,2026-02-26 16:47:32.960472,Karachi,Online
194,11,238.8524897451804,2026-02-26 16:47:42.960472,Karachi,Card
195,50,252.27855841731585,2026-02-26 16:47:52.960472,Karachi,Online
196,49,182.89291436973093,2026-02-26 16:48:02.960472,Islamabad,Cash
197,26,153.6976690394261,2026-02-26 16:48:12.960472,Islamabad,Online
198,47,174.3517341182189,2026-02-26 16:48:22.960472,Karachi,Online
199,3,235.50546201819768,2026-02-26 16:48:32.960472,Lahore,Card
200,44,204.62394357755485,2026-02-26 16:48:42.960472,Islamabad,Card
201,41,231.50374693005037,2026-02-26 16:48:52.960472,Islamabad,Online
202,10,288.14687361516144,2026-02-26 16:49:02.960472,Islamabad,Online
203,1,211.54768614725666,2026-02-26 16:49:12.960472,Lahore,Cash
204,18,159.55315543048195,2026-02-26 16:49:22.960472,Karachi,Online
205,3,252.87117544311883,2026-02-26 16:49:32.960472,Islamabad,Cash
206,22,202.56804297398176,2026-02-26 16:49:42.960472,Lahore,Cash
207,4,243.62235788302266,2026-02-26 16:49:52.960472,Islamabad,Cash
208,21,253.30992720488692,2026-02-26 16:50:02.960472,Islamabad,Online
209,7,152.04959517866106,2026-02-26 16:50:12.960472,Lahore,Card
210,33,269.10023020859717,2026-02-26 16:50:22.960472,Karachi,Online
211,5,245.25609799782796,2026-02-26 16:50:32.960472,Lahore,Card
212,28,169.80478137577356,2026-02-26 16:50:42.960472,Lahore,Cash
213,27,215.22245599354264,2026-02-26 16:50:52.960472,Lahore,Card
214,26,212.86037454900534,2026-02-26 16:51:02.960472,Lahore,Card
215,45,201.19659072329185,2026-02-26 16:51:12.960472,Karachi,Card
216,46,243.59569944061963,2026-02-26 16:51:22.960472,Islamabad,Online
217,25,271.86781641667636,2026-02-26 16:51:32.960472,Islamabad,Cash
218,17,200.3653186370316,2026-02-26 16:51:42.960472,Islamabad,Cash
219,11,266.5440663986043,2026-02-26 16:51:52.960472,Lahore,Cash
220,25,249.4101305252056,2026-02-26 16:52:02.960472,Islamabad,Cash
221,42,211.61480790882024,2026-02-26 16:52:12.960472,Karachi,Cash
222,16,208.80904610261607,2026-02-26 16:52:22.960472,Lahore,Card
223,48,142.37173141699924,2026-02-26 16:52:32.960472,Karachi,Online
224,31,124.9615803396413,2026-02-26 16:52:42.960472,Islamabad,Cash
225,5,208.2511399054669,2026-02-26 16:52:52.960472,Karachi,Card
226,44,157.2035541085316,2026-02-26 16:53:02.960472,Islamabad,Online
227,44,198.01819289801904,2026-02-26 16:53:12.960472,Karachi,Online
228,1,173.2668629074968,2026-02-26 16:53:22.960472,Karachi,Cash
229,34,110.57517475097517,2026-02-26 16:53:32.960472,Karachi,Card
230,31,217.8652270968317,2026-02-26 16:53:42.960472,Islamabad,Online
231,6,179.27340973050542,2026-02-26 16:53:52.960472,Karachi,Card
232,6,204.00993562704073,2026-02-26 16:54:02.960472,Islamabad,Card
233,46,155.34398631853884,2026-02-26 16:54:12.960472,Karachi,Cash
234,25,183.25913763026333,2026-02-26 16:54:22.960472,Islamabad,Card
235,46,278.01900705664394,2026-02-26 16:54:32.960472,Lahore,Cash
236,36,206.42755000355405,2026-02-26 16:54:42.960472,Islamabad,Cash
237,12,227.47881725313337,2026-02-26 16:54:52.960472,Islamabad,Cash
238,15,136.456409656198,2026-02-26 16:55:02.960472,Karachi,Online
239,39,319.45179786962314,2026-02-26 16:55:12.960472,Lahore,Card
240,30,292.1706879160267,2026-02-26 16:55:22.960472,Lahore,Cash
241,43,268.1717745475852,2026-02-26 16:55:32.960472,Lahore,Online
242,32,241.43829888024374,2026-02-26 16:55:42.960472,Karachi,Online
243,45,200.7571639129932,2026-02-26 16:55:52.960472,Karachi,Online
244,2,222.10370084333658,2026-02-26 16:56:02.960472,Karachi,Cash
245,11,252.4009871997476,2026-02-26 16:56:12.960472,Islamabad,Cash
246,17,168.57151262621468,2026-02-26 16:56:22.960472,Islamabad,Card
247,17,177.77506278904087,2026-02-26 16:56:32.960472,Lahore,Cash
248,48,116.54338204547341,2026-02-26 16:56:42.960472,Karachi,Card
249,18,161.40904611216223,2026-02-26 16:56:52.960472,Lahore,Online
250,39,283.0650865304077,2026-02-26 16:57:02.960472,Islamabad,Cash
251,8,183.28764544248162,2026-02-26 16:57:12.960472,Islamabad,Cash
252,47,184.10765467447084,2026-02-26 16:57:22.960472,Islamabad,Card
253,24,215.88835162185592,2026-02-26 16:57:32.960472,Lahore,Card
254,44,119.38863464127382,2026-02-26 16:57:42.960472,Lahore,Card
255,1,247.26908450437836,2026-02-26 16:57:52.960472,Islamabad,Card
256,2,263.32034276864374,2026-02-26 16:58:02.960472,Karachi,Card
257,49,218.86481327302045,2026-02-26 16:58:12.960472,Islamabad,Cash
258,2,282.5675493239745,2026-02-26 16:58:22.960472,Karachi,Cash
259,16,133.65841169320515,2026-02-26 16:58:32.960472,Karachi,Online
260,49,292.1857898875923,2026-02-26 16:58:42.960472,Karachi,Cash
261,13,163.4629298385173,2026-02-26 16:58:52.960472,Lahore,Online
262,35,136.0040133368435,2026-02-26 16:59:02.960472,Karachi,Online
263,7,188.13040193966654,2026-02-26 16:59:12.960472,Lahore,Card
264,7,293.60028402361525,2026-02-26 16:59:22.960472,Lahore,Online
265,46,199.0278929550226,2026-02-26 16:59:32.960472,Karachi,Card
266,9,153.37041717194595,2026-02-26 16:59:42.960472,Lahore,Online
267,32,9338.516492379731,2026-02-26 16:59:52.960472,Islamabad,Cash
268,43,194.7440747626793,2026-02-26 17:00:02.960472,Lahore,Card
269,16,281.62056519658177,2026-02-26 17:00:12.960472,Islamabad,Cash
270,7,128.49293110196837,2026-02-26 17:00:22.960472,Karachi,Card
271,17,177.9977756651508,2026-02-26 17:00:32.960472,Islamabad,Card
272,40,206.53702886430457,2026-02-26 17:00:42.960472,Lahore,Cash
273,36,272.06366445330576,2026-02-26 17:00:52.960472,Karachi,Cash
274,22,128.20689244102803,2026-02-26 17:01:02.960472,Islamabad,Cash
275,16,258.158187607748,2026-02-26 17:01:12.960472,Lahore,Card
276,38,200.51165305097936,2026-02-26 17:01:22.960472,Lahore,Online
277,17,150.92456744760244,2026-02-26 17:01:32.960472,Karachi,Online
278,14,223.10517371316354,2026-02-26 17:01:42.960472,Lahore,Card
279,34,209.9529847786735,2026-02-26 17:01:52.960472,Lahore,Card
280,45,169.98915614206027,2026-02-26 17:02:02.960472,Lahore,Cash
281,18,203.49010424950094,2026-02-26 17:02:12.960472,Islamabad,Online
282,10,180.734320156912,2026-02-26 17:02:22.960472,Karachi,Cash
283,1,205.6758672625624,2026-02-26 17:02:32.960472,Karachi,Online
284,48,233.10653372605233,2026-02-26 17:02:42.960472,Karachi,Cash
285,31,279.3008408072676,2026-02-26 17:02:52.960472,Lahore,Cash
286,23,138.10922505865756,2026-02-26 17:03:02.960472,Lahore,Card
287,45,306.65166873281333,2026-02-26 17:03:12.960472,Islamabad,Online
288,37,102.39561002387491,2026-02-26 17:03:22.960472,Islamabad,Card
289,26,14611.905638239143,2026-02-26 17:03:32.960472,Islamabad,Card
290,40,229.41586032422882,2026-02-26 17:03:42.960472,Islamabad,Cash
291,36,175.67836169738197,2026-02-26 17:03:52.960472,Karachi,Cash
292,28,210.379913064286,2026-02-26 17:04:02.960472,Karachi,Card
293,43,244.24952335933327,2026-02-26 17:04:12.960472,Karachi,Online
294,3,176.7735125677516,2026-02-26 17:04:22.960472,Karachi,Online
295,7,168.88814175468605,2026-02-26 17:04:32.960472,Lahore,Cash
296,3,182.22556795418203,2026-02-26 17:04:42.960472,Karachi,Cash
297,41,247.60055469233473,2026-02-26 17:04:52.960472,Islamabad,Cash
298,3,272.6275123731185,2026-02-26 17:05:02.960472,Karachi,Cash
299,48,218.10069559712355,2026-02-26 17:05:12.960472,Islamabad,Online
300,38,229.0657067017862,2026-02-26 17:05:22.960472,Islamabad,Card
301,11,168.51495713674436,2026-02-26 17:05:32.960472,Karachi,Cash
302,13,243.8377324976163,2026-02-26 17:05:42.960472,Islamabad,Online
303,27,227.58685052325373,2026-02-26 17:05:52.960472,Lahore,Online
304,8,164.49360210362582,2026-02-26 17:06:02.960472,Karachi,Online
305,32,110.6164194034109,2026-02-26 17:06:12.960472,Lahore,Online
306,44,138.97149478590728,2026-02-26 17:06:22.960472,Karachi,Online
307,37,166.53986359093935,2026-02-26 17:06:32.960472,Islamabad,Card
308,41,258.0968658873387,2026-02-26 17:06:42.960472,Lahore,Cash
309,40,277.6429887919663,2026-02-26 17:06:52.960472,Islamabad,Cash
310,14,178.02410622628614,2026-02-26 17:07:02.960472,Islamabad,Cash
311,13,179.6042323614352,2026-02-26 17:07:12.960472,Karachi,Card
312,15,213.08115279862332,2026-02-26 17:07:22.960472,Lahore,Cash
313,45,200.60732545366128,2026-02-26 17:07:32.960472,Lahore,Online
314,22,246.54670419870396,2026-02-26 17:07:42.960472,Karachi,Online
315,26,173.84059532064452,2026-02-26 17:07:52.960472,Lahore,Card
316,16,247.4571493890499,2026-02-26 17:08:02.960472,Islamabad,Card
317,2,188.03876010651226,2026-02-26 17:08:12.960472,Lahore,Card
318,36,242.6987355533928,2026-02-26 17:08:22.960472,Islamabad,Card
319,41,186.44797688557287,2026-02-26 17:08:32.960472,Lahore,Cash
320,29,169.3452658545811,2026-02-26 17:08:42.960472,Karachi,Card
321,40,295.61588199199855,2026-02-26 17:08:52.960472,Karachi,Card
322,32,253.2613541273459,2026-02-26 17:09:02.960472,Karachi,Card
323,9,110.39774499323926,2026-02-26 17:09:12.960472,Islamabad,Card
324,11,177.66132441050462,2026-02-26 17:09:22.960472,Islamabad,Card
325,35,260.2461460889287,2026-02-26 17:09:32.960472,Islamabad,Cash
326,43,140.1669765393239,2026-02-26 17:09:42.960472,Karachi,Card
327,19,238.53391647615555,2026-02-26 17:09:52.960472,Karachi,Card
328,41,233.35280517348957,2026-02-26 17:10:02.960472,Karachi,Online
329,6,165.04267109540413,2026-02-26 17:10:12.960472,Lahore,Card
330,31,199.5591476877096,2026-02-26 17:10:22.960472,Karachi,Card
331,40,95.49911256848603,2026-02-26 17:10:32.960472,Lahore,Card
332,40,288.5215758283359,2026-02-26 17:10:42.960472,Karachi,Card
333,13,184.54537454015392,2026-02-26 17:10:52.960472,Karachi,Card
334,36,240.19065256881294,2026-02-26 17:11:02.960472,Karachi,Cash
335,10,230.69206707377123,2026-02-26 17:11:12.960472,Karachi,Card
336,20,267.8940394049994,2026-02-26 17:11:22.960472,Islamabad,Cash
337,29,178.33482965487198,2026-02-26 17:11:32.960472,Karachi,Online
338,27,210.19113637637335,2026-02-26 17:11:42.960472,Karachi,Cash
339,46,227.95546013072638,2026-02-26 17:11:52.960472,Islamabad,Online
340,22,243.62707957152398,2026-02-26 17:12:02.960472,Karachi,Cash
341,7,14472.485773838587,2026-02-26 17:12:12.960472,Lahore,Online
342,48,176.13091347123395,2026-02-26 17:12:22.960472,Islamabad,Card
343,30,164.07778893737822,2026-02-26 17:12:32.960472,Islamabad,Online
344,4,189.32764241440765,2026-02-26 17:12:42.960472,Karachi,Online
345,29,215.54537827990023,2026-02-26 17:12:52.960472,Islamabad,Cash
346,8,273.7678108474776,2026-02-26 17:13:02.960472,Karachi,Cash
347,32,242.88298116010097,2026-02-26 17:13:12.960472,Islamabad,Cash
348,36,192.00307350182865,2026-02-26 17:13:22.960472,Lahore,Card
349,31,199.04918960486555,2026-02-26 17:13:32.960472,Karachi,Online
350,20,149.87353176810956,2026-02-26 17:13:42.960472,Islamabad,Cash
351,2,199.0743432003805,2026-02-26 17:13:52.960472,Islamabad,Card
352,34,185.5670680539931,2026-02-26 17:14:02.960472,Lahore,Online
353,1,216.13592801690447,2026-02-26 17:14:12.960472,Islamabad,Card
354,31,158.63845282238384,2026-02-26 17:14:22.960472,Islamabad,Cash
355,33,225.96732571205862,2026-02-26 17:14:32.960472,Lahore,Online
356,25,14621.725484745419,2026-02-26 17:14:42.960472,Islamabad,Cash
357,34,127.71950137639587,2026-02-26 17:14:52.960472,Islamabad,Card
358,20,157.793154324113,2026-02-26 17:15:02.960472,Islamabad,Card
359,25,182.8399381684416,2026-02-26 17:15:12.960472,Karachi,Cash
360,19,222.88382272144196,2026-02-26 17:15:22.960472,Lahore,Online
361,47,203.48263322594394,2026-02-26 17:15:32.960472,Lahore,Online
362,19,249.17521531792326,2026-02-26 17:15:42.960472,Lahore,Card
363,1,223.68136938637824,2026-02-26 17:15:52.960472,Lahore,Online
364,41,202.71752889692857,2026-02-26 17:16:02.960472,Islamabad,Online
365,44,313.78806487836016,2026-02-26 17:16:12.960472,Islamabad,Online
366,28,220.3113342524964,2026-02-26 17:16:22.960472,Lahore,Online
367,12,178.40288991958138,2026-02-26 17:16:32.960472,Islamabad,Online
368,24,292.9983503243465,2026-02-26 17:16:42.960472,Islamabad,Cash
369,3,260.0205774206699,2026-02-26 17:16:52.960472,Lahore,Cash
370,11,290.80438951219077,2026-02-26 17:17:02.960472,Karachi,Cash
371,33,194.4534032185245,2026-02-26 17:17:12.960472,Islamabad,Online
372,30,248.81545632405513,2026-02-26 17:17:22.960472,Karachi,Cash
373,5,127.35752704638196,2026-02-26 17:17:32.960472,Karachi,Card
374,41,239.20032054570842,2026-02-26 17:17:42.960472,Karachi,Card
375,24,192.11380208729483,2026-02-26 17:17:52.960472,Lahore,Cash
376,7,132.2471022241034,2026-02-26 17:18:02.960472,Islamabad,Card
377,5,251.63002020089883,2026-02-26 17:18:12.960472,Karachi,Online
378,36,109.4934337501992,2026-02-26 17:18:22.960472,Lahore,Card
379,20,104.36467414678904,2026-02-26 17:18:32.960472,Lahore,Cash
380,29,218.12382294026511,2026-02-26 17:18:42.960472,Lahore,Online
381,46,228.5673755163394,2026-02-26 17:18:52.960472,Lahore,Online
382,21,248.52619100066053,2026-02-26 17:19:02.960472,Lahore,Cash
383,16,237.09815082647327,2026-02-26 17:19:12.960472,Islamabad,Cash
384,9,273.83293127148147,2026-02-26 17:19:22.960472,Lahore,Online
385,50,235.01214766812095,2026-02-26 17:19:32.960472,Karachi,Cash
386,38,193.38502780287686,2026-02-26 17:19:42.960472,Lahore,Card
387,26,196.3194442104047,2026-02-26 17:19:52.960472,Lahore,Online
388,24,185.88894055063946,2026-02-26 17:20:02.960472,Lahore,Cash
389,11,214.77387622115916,2026-02-26 17:20:12.960472,Karachi,Cash
390,45,145.1327065716671,2026-02-26 17:20:22.960472,Karachi,Online
391,22,217.04610992794767,2026-02-26 17:20:32.960472,Karachi,Cash
392,21,195.67932465841932,2026-02-26 17:20:42.960472,Islamabad,Cash
393,37,213.78175789437037,2026-02-26 17:20:52.960472,Karachi,Cash
394,45,213.93615174853306,2026-02-26 17:21:02.960472,Lahore,Cash
395,24,77.38676993421333,2026-02-26 17:21:12.960472,Karachi,Card
396,23,154.9353090667666,2026-02-26 17:21:22.960472,Islamabad,Online
397,47,194.56856679555722,2026-02-26 17:21:32.960472,Islamabad,Cash
398,16,197.2257520851163,2026-02-26 17:21:42.960472,Islamabad,Cash
399,19,212.9694654499847,2026-02-26 17:21:52.960472,Lahore,Card
400,28,14997.176732861306,2026-02-26 17:22:02.960472,Islamabad,Online
401,21,200.26218498590916,2026-02-26 17:22:12.960472,Islamabad,Card
402,18,202.3490296882371,2026-02-26 17:22:22.960472,Lahore,Card
403,50,177.4967264260378,2026-02-26 17:22:32.960472,Lahore,Online
404,42,231.14249661737495,2026-02-26 17:22:42.960472,Karachi,Card
405,10,146.61897853087027,2026-02-26 17:22:52.960472,Karachi,Cash
406,26,192.88102574893531,2026-02-26 17:23:02.960472,Karachi,Card
407,12,206.01478158559493,2026-02-26 17:23:12.960472,Lahore,Cash
408,44,225.72194170293744,2026-02-26 17:23:22.960472,Lahore,Cash
409,5,235.5807439044445,2026-02-26 17:23:32.960472,Islamabad,Cash
410,37,143.76789540810654,2026-02-26 17:23:42.960472,Karachi,Cash
411,26,123.29429146321888,2026-02-26 17:23:52.960472,Lahore,Online
412,38,263.88384109492546,2026-02-26 17:24:02.960472,Islamabad,Online
413,10,216.61570059897957,2026-02-26 17:24:12.960472,Islamabad,Card
414,17,162.57567317217232,2026-02-26 17:24:22.960472,Lahore,Cash
415,3,277.55759877612616,2026-02-26 17:24:32.960472,Lahore,Online
416,13,205.78373171464293,2026-02-26 17:24:42.960472,Karachi,Card
417,17,258.96485920319134,2026-02-26 17:24:52.960472,Islamabad,Card
418,48,203.37592407050545,2026-02-26 17:25:02.960472,Lahore,Cash
419,23,303.03739624409934,2026-02-26 17:25:12.960472,Karachi,Online
420,25,287.7670421221602,2026-02-26 17:25:22.960472,Karachi,Online
421,10,187.55179257604632,2026-02-26 17:25:32.960472,Lahore,Online
422,34,248.57854754771776,2026-02-26 17:25:42.960472,Karachi,Card
423,22,12040.797680992237,2026-02-26 17:25:52.960472,Islamabad,Cash
424,14,268.43157787661744,2026-02-26 17:26:02.960472,Karachi,Online
425,4,178.31748366140764,2026-02-26 17:26:12.960472,Lahore,Card
426,22,182.88456806878003,2026-02-26 17:26:22.960472,Karachi,Cash
427,31,113.45634481172164,2026-02-26 17:26:32.960472,Lahore,Cash
428,32,272.21693959909055,2026-02-26 17:26:42.960472,Lahore,Card
429,46,244.30317801230765,2026-02-26 17:26:52.960472,Karachi,Card
430,12,193.14610894790735,2026-02-26 17:27:02.960472,Islamabad,Online
431,10,210.00672095867114,2026-02-26 17:27:12.960472,Islamabad,Cash
432,30,91.45670859347949,2026-02-26 17:27:22.960472,Islamabad,Cash
433,23,175.66427519786254,2026-02-26 17:27:32.960472,Lahore,Cash
434,19,266.72228204320675,2026-02-26 17:27:42.960472,Lahore,Card
435,49,249.07736883650406,2026-02-26 17:27:52.960472,Lahore,Card
436,43,216.5350278531966,2026-02-26 17:28:02.960472,Lahore,Cash
437,7,199.26408706825316,2026-02-26 17:28:12.960472,Lahore,Cash
438,17,239.82027148481632,2026-02-26 17:28:22.960472,Islamabad,Cash
439,15,185.93074467244568,2026-02-26 17:28:32.960472,Lahore,Card
440,18,116.76534019024962,2026-02-26 17:28:42.960472,Karachi,Online
441,38,199.69004301630636,2026-02-26 17:28:52.960472,Islamabad,Card
442,15,220.15596635427886,2026-02-26 17:29:02.960472,Karachi,Online
443,21,256.1338842399011,2026-02-26 17:29:12.960472,Karachi,Cash
444,5,127.94021197520007,2026-02-26 17:29:22.960472,Islamabad,Cash
445,21,193.85443467242723,2026-02-26 17:29:32.960472,Islamabad,Card
446,5,196.23481726224384,2026-02-26 17:29:42.960472,Karachi,Cash
447,16,144.9374047576444,2026-02-26 17:29:52.960472,Lahore,Online
448,26,224.3836637461647,2026-02-26 17:30:02.960472,Karachi,Card
449,12,237.36840158059007,2026-02-26 17:30:12.960472,Islamabad,Cash
450,46,185.46538459844783,2026-02-26 17:30:22.960472,Lahore,Online
451,46,302.7546304310736,2026-02-26 17:30:32.960472,Lahore,Cash
452,11,184.0319996233171,2026-02-26 17:30:42.960472,Karachi,Card
453,32,177.66582646546664,2026-02-26 17:30:52.960472,Islamabad,Cash
454,36,176.2164326015699,2026-02-26 17:31:02.960472,Islamabad,Card
455,29,159.22504633557557,2026-02-26 17:31:12.960472,Islamabad,Cash
456,40,172.04872533830715,2026-02-26 17:31:22.960472,Lahore,Cash
457,17,128.2955565383738,2026-02-26 17:31:32.960472,Lahore,Online
458,22,190.42335880433535,2026-02-26 17:31:42.960472,Islamabad,Cash
459,32,202.87370015121485,2026-02-26 17:31:52.960472,Islamabad,Online
460,31,85.8598754979601,2026-02-26 17:32:02.960472,Lahore,Online
461,37,194.9025243760072,2026-02-26 17:32:12.960472,Lahore,Online
462,34,202.10670408709646,2026-02-26 17:32:22.960472,Islamabad,Card
463,28,225.72944953452696,2026-02-26 17:32:32.960472,Lahore,Cash
464,22,260.23175362879124,2026-02-26 17:32:42.960472,Islamabad,Card
465,21,242.5677132300255,2026-02-26 17:32:52.960472,Karachi,Cash
466,50,168.9818138732224,2026-02-26 17:33:02.960472,Lahore,Cash
467,45,163.17939138711768,2026-02-26 17:33:12.960472,Karachi,Online
468,33,228.9752200774927,2026-02-26 17:33:22.960472,Karachi,Cash
469,45,172.63600818312392,2026-02-26 17:33:32.960472,Islamabad,Online
470,50,138.5972990438188,2026-02-26 17:33:42.960472,Islamabad,Card
471,21,318.7070871700298,2026-02-26 17:33:52.960472,Karachi,Card
472,39,184.4637867691403,2026-02-26 17:34:02.960472,Islamabad,Card
473,31,168.6737908655728,2026-02-26 17:34:12.960472,Lahore,Cash
474,25,90.39349718790106,2026-02-26 17:34:22.960472,Lahore,Online
475,42,242.57010461894143,2026-02-26 17:34:32.960472,Karachi,Cash
476,20,150.60320771017294,2026-02-26 17:34:42.960472,Karachi,Cash
477,22,201.4310279783913,2026-02-26 17:34:52.960472,Karachi,Online
478,42,248.43115781522107,2026-02-26 17:35:02.960472,Islamabad,Card
479,20,151.38657261379643,2026-02-26 17:35:12.960472,Islamabad,Online
480,5,203.97412259087693,2026-02-26 17:35:22.960472,Islamabad,Cash
481,36,276.18937050969043,2026-02-26 17:35:32.960472,Karachi,Card
482,42,77.16264715682604,2026-02-26 17:35:42.960472,Karachi,Card
483,40,159.47470765103907,2026-02-26 17:35:52.960472,Lahore,Cash
484,40,154.77290581064642,2026-02-26 17:36:02.960472,Karachi,Cash
485,49,190.65474387197955,2026-02-26 17:36:12.960472,Lahore,Card
486,34,197.6104561313231,2026-02-26 17:36:22.960472,Islamabad,Cash
487,7,146.93686835267047,2026-02-26 17:36:32.960472,Karachi,Card
488,5,167.2813326943492,2026-02-26 17:36:42.960472,Lahore,Online
489,14,161.33875147735884,2026-02-26 17:36:52.960472,Islamabad,Card
490,44,182.46053774135655,2026-02-26 17:37:02.960472,Lahore,Online
491,48,210.91113662655482,2026-02-26 17:37:12.960472,Islamabad,Card
492,36,245.528206118554,2026-02-26 17:37:22.960472,Karachi,Cash
493,50,252.76654982732072,2026-02-26 17:37:32.960472,Karachi,Online
494,6,232.68171306676618,2026-02-26 17:37:42.960472,Islamabad,Card
495,2,156.30129402574516,2026-02-26 17:37:52.960472,Lahore,Cash
496,18,199.8352039836323,2026-02-26 17:38:02.960472,Lahore,Card
497,34,318.7164701746194,2026-02-26 17:38:12.960472,Karachi,Card
498,37,250.72663463436487,2026-02-26 17:38:22.960472,Lahore,Online
499,11,177.97477205632376,2026-02-26 17:38:32.960472,Karachi,Cash
500,43,279.101909148189,2026-02-26 17:38:42.960472,Lahore,Cash
501,23,180.5965405101293,2026-02-26 17:38:52.960472,Karachi,Cash
502,2,166.5799015848366,2026-02-26 17:39:02.960472,Karachi,Online
503,35,269.78659679642817,2026-02-26 17:39:12.960472,Karachi,Online
504,24,134.51753549940508,2026-02-26 17:39:22.960472,Lahore,Online
505,28,104.31112098658218,2026-02-26 17:39:32.960472,Islamabad,Card
506,23,247.06422890302375,2026-02-26 17:39:42.960472,Islamabad,Card
507,6,201.38454658081065,2026-02-26 17:39:52.960472,Islamabad,Cash
508,2,206.3682739268578,2026-02-26 17:40:02.960472,Islamabad,Card
509,41,181.92885802865112,2026-02-26 17:40:12.960472,Islamabad,Online
510,23,188.07533163079708,2026-02-26 17:40:22.960472,Lahore,Online
511,23,177.09450485843118,2026-02-26 17:40:32.960472,Islamabad,Card
512,13,168.70035348727998,2026-02-26 17:40:42.960472,Karachi,Card
513,39,180.90448888156192,2026-02-26 17:40:52.960472,Karachi,Card
514,17,179.32743805911502,2026-02-26 17:41:02.960472,Lahore,Cash
515,2,158.57081144906323,2026-02-26 17:41:12.960472,Lahore,Online
516,35,172.7415400334078,2026-02-26 17:41:22.960472,Karachi,Online
517,35,74.86202391688923,2026-02-26 17:41:32.960472,Lahore,Online
518,36,234.23211007775842,2026-02-26 17:41:42.960472,Lahore,Card
519,37,219.51266344915712,2026-02-26 17:41:52.960472,Karachi,Card
520,30,195.75455837520838,2026-02-26 17:42:02.960472,Karachi,Cash
521,30,211.86621923798717,2026-02-26 17:42:12.960472,Islamabad,Online
522,32,213.6788701569314,2026-02-26 17:42:22.960472,Islamabad,Online
523,28,163.79991016978505,2026-02-26 17:42:32.960472,Lahore,Cash
524,25,173.37098488897976,2026-02-26 17:42:42.960472,Karachi,Online
525,34,226.4158304815188,2026-02-26 17:42:52.960472,Karachi,Card
526,17,210.3751742579568,2026-02-26 17:43:02.960472,Lahore,Online
527,31,302.16602448411527,2026-02-26 17:43:12.960472,Islamabad,Card
528,42,280.98060777186555,2026-02-26 17:43:22.960472,Islamabad,Cash
529,19,246.6506070194175,2026-02-26 17:43:32.960472,Lahore,Online
530,3,161.91325421360904,2026-02-26 17:43:42.960472,Islamabad,Online
531,19,171.77214983652124,2026-02-26 17:43:52.960472,Lahore,Cash
532,26,149.89766381856327,2026-02-26 17:44:02.960472,Lahore,Online
533,29,213.98786748933546,2026-02-26 17:44:12.960472,Islamabad,Cash
534,21,62.95225777701492,2026-02-26 17:44:22.960472,Islamabad,Cash
535,25,177.06903615285006,2026-02-26 17:44:32.960472,Lahore,Cash
536,39,184.66418003390913,2026-02-26 17:44:42.960472,Lahore,Cash
537,8,123.78547334150039,2026-02-26 17:44:52.960472,Islamabad,Card
538,27,239.88681572893174,2026-02-26 17:45:02.960472,Karachi,Online
539,10,143.04291357050587,2026-02-26 17:45:12.960472,Karachi,Card
540,48,213.38713328516306,2026-02-26 17:45:22.960472,Karachi,Card
541,37,339.1888711744525,2026-02-26 17:45:32.960472,Lahore,Cash
542,36,119.44971950223893,2026-02-26 17:45:42.960472,Karachi,Card
543,36,192.57242974964754,2026-02-26 17:45:52.960472,Islamabad,Cash
544,48,179.62699311823673,2026-02-26 17:46:02.960472,Karachi,Online
545,50,169.90156605518078,2026-02-26 17:46:12.960472,Islamabad,Cash
546,30,238.01255473176803,2026-02-26 17:46:22.960472,Islamabad,Card
547,7,255.31645524142215,2026-02-26 17:46:32.960472,Islamabad,Online
548,16,238.58190746506682,2026-02-26 17:46:42.960472,Karachi,Card
549,28,163.8330458774383,2026-02-26 17:46:52.960472,Karachi,Cash
550,50,321.6924039201208,2026-02-26 17:47:02.960472,Islamabad,Cash
551,27,111.48784058290539,2026-02-26 17:47:12.960472,Islamabad,Online
552,48,148.36854654828528,2026-02-26 17:47:22.960472,Lahore,Cash
553,39,208.4864642195187,2026-02-26 17:47:32.960472,Islamabad,Card
554,50,204.46969595728248,2026-02-26 17:47:42.960472,Karachi,Online
555,35,224.40220396893747,2026-02-26 17:47:52.960472,Lahore,Card
556,8,279.00670475376006,2026-02-26 17:48:02.960472,Islamabad,Online
557,19,194.00745403172004,2026-02-26 17:48:12.960472,Karachi,Cash
558,43,205.68647301064902,2026-02-26 17:48:22.960472,Karachi,Online
559,13,170.27419736378752,2026-02-26 17:48:32.960472,Karachi,Online
560,34,229.4164259230321,2026-02-26 17:48:42.960472,Lahore,Online
561,7,184.07607446748304,2026-02-26 17:48:52.960472,Lahore,Online
562,22,184.04714894668285,2026-02-26 17:49:02.960472,Islamabad,Cash
563,12,227.17415764818887,2026-02-26 17:49:12.960472,Lahore,Online
564,14,251.74604635402994,2026-02-26 17:49:22.960472,Lahore,Card
565,19,89.59467241630614,2026-02-26 17:49:32.960472,Islamabad,Online
566,6,218.03892123367143,2026-02-26 17:49:42.960472,Karachi,Cash
567,23,186.48983406612308,2026-02-26 17:49:52.960472,Islamabad,Cash
568,15,247.38084688307046,2026-02-26 17:50:02.960472,Lahore,Card
569,42,187.49386994627443,2026-02-26 17:50:12.960472,Lahore,Online
570,33,265.05262165811496,2026-02-26 17:50:22.960472,Karachi,Card
571,50,166.17934897579806,2026-02-26 17:50:32.960472,Islamabad,Card
572,3,88.48350461870555,2026-02-26 17:50:42.960472,Lahore,Cash
573,5,252.57965203358333,2026-02-26 17:50:52.960472,Lahore,Cash
574,16,157.82275188772647,2026-02-26 17:51:02.960472,Islamabad,Online
575,12,120.98740316282365,2026-02-26 17:51:12.960472,Lahore,Cash
576,26,200.80267093219655,2026-02-26 17:51:22.960472,Karachi,Cash
577,16,188.04106669849156,2026-02-26 17:51:32.960472,Islamabad,Cash
578,2,241.15524878725034,2026-02-26 17:51:42.960472,Islamabad,Card
579,36,244.62054099076056,2026-02-26 17:51:52.960472,Islamabad,Cash
580,11,204.78102229446964,2026-02-26 17:52:02.960472,Lahore,Online
581,5,155.75920290410076,2026-02-26 17:52:12.960472,Karachi,Cash
582,25,214.3470630612149,2026-02-26 17:52:22.960472,Karachi,Cash
583,4,208.25971900602883,2026-02-26 17:52:32.960472,Lahore,Online
584,28,228.4468337234821,2026-02-26 17:52:42.960472,Karachi,Card
585,2,156.25966431276493,2026-02-26 17:52:52.960472,Karachi,Online
586,10,179.98135634162236,2026-02-26 17:53:02.960472,Islamabad,Online
587,28,225.4689058168053,2026-02-26 17:53:12.960472,Islamabad,Cash
588,15,262.3663527615862,2026-02-26 17:53:22.960472,Lahore,Cash
589,1,248.2961003979795,2026-02-26 17:53:32.960472,Lahore,Online
590,2,204.10274355763988,2026-02-26 17:53:42.960472,Lahore,Card
591,35,175.6302488039426,2026-02-26 17:53:52.960472,Karachi,Card
592,44,220.19102793396527,2026-02-26 17:54:02.960472,Lahore,Cash
593,4,145.4304781353265,2026-02-26 17:54:12.960472,Islamabad,Cash
594,2,159.1499280369553,2026-02-26 17:54:22.960472,Lahore,Online
595,18,275.4885656229812,2026-02-26 17:54:32.960472,Lahore,Cash
596,18,220.10172400234612,2026-02-26 17:54:42.960472,Lahore,Online
597,6,182.62366331135226,2026-02-26 17:54:52.960472,Lahore,Online
598,19,241.45693422926342,2026-02-26 17:55:02.960472,Islamabad,Cash
599,3,264.3487481924797,2026-02-26 17:55:12.960472,Islamabad,Online
600,12,177.76812208771798,2026-02-26 17:55:22.960472,Lahore,Online
601,40,178.62960287752622,2026-02-26 17:55:32.960472,Islamabad,Cash
602,15,172.36771133264972,2026-02-26 17:55:42.960472,Lahore,Online
603,12,248.19251593576809,2026-02-26 17:55:52.960472,Lahore,Card
604,9,248.6778723760062,2026-02-26 17:56:02.960472,Islamabad,Card
605,13,269.29516606455496,2026-02-26 17:56:12.960472,Lahore,Online
606,39,250.4301474924418,2026-02-26 17:56:22.960472,Lahore,Card
607,37,118.38909602857406,2026-02-26 17:56:32.960472,Lahore,Card
608,34,214.04821604590995,2026-02-26 17:56:42.960472,Lahore,Online
609,6,147.08072985764738,2026-02-26 17:56:52.960472,Karachi,Card
610,30,174.35428125142923,2026-02-26 17:57:02.960472,Lahore,Card
611,26,208.52971017904315,2026-02-26 17:57:12.960472,Karachi,Cash
612,36,241.7782699174952,2026-02-26 17:57:22.960472,Karachi,Cash
613,4,155.45783287744612,2026-02-26 17:57:32.960472,Lahore,Cash
614,12,14472.833396118152,2026-02-26 17:57:42.960472,Lahore,Online
615,2,213.998431315991,2026-02-26 17:57:52.960472,Karachi,Cash
616,32,143.72554763508117,2026-02-26 17:58:02.960472,Lahore,Online
617,17,322.2875989808413,2026-02-26 17:58:12.960472,Islamabad,Online
618,39,5181.101838208405,2026-02-26 17:58:22.960472,Karachi,Online
619,31,289.1081809268039,2026-02-26 17:58:32.960472,Islamabad,Card
620,2,229.5137309530894,2026-02-26 17:58:42.960472,Islamabad,Cash
621,35,210.84305184914692,2026-02-26 17:58:52.960472,Karachi,Cash
622,50,222.10583326567365,2026-02-26 17:59:02.960472,Lahore,Card
623,16,212.51219662868243,2026-02-26 17:59:12.960472,Karachi,Online
624,12,143.0122785921647,2026-02-26 17:59:22.960472,Karachi,Cash
625,13,132.92774211001512,2026-02-26 17:59:32.960472,Lahore,Online
626,33,294.3414056062118,2026-02-26 17:59:42.960472,Lahore,Cash
627,39,209.19416759525788,2026-02-26 17:59:52.960472,Lahore,Online
628,8,205.0047721289849,2026-02-26 18:00:02.960472,Karachi,Online
629,32,195.4886167971895,2026-02-26 18:00:12.960472,Lahore,Online
630,42,239.05366338082263,2026-02-26 18:00:22.960472,Lahore,Online
631,34,326.9345550868743,2026-02-26 18:00:32.960472,Islamabad,Card
632,35,226.19763335538968,2026-02-26 18:00:42.960472,Islamabad,Card
633,33,8351.97241645901,2026-02-26 18:00:52.960472,Lahore,Online
634,4,193.3299571054228,2026-02-26 18:01:02.960472,Lahore,Card
635,4,149.39478123699163,2026-02-26 18:01:12.960472,Islamabad,Cash
636,4,117.25716640671153,2026-02-26 18:01:22.960472,Islamabad,Online
637,49,241.15852919809572,2026-02-26 18:01:32.960472,Islamabad,Card
638,5,203.6658983594202,2026-02-26 18:01:42.960472,Karachi,Online
639,7,135.5019550129473,2026-02-26 18:01:52.960472,Islamabad,Cash
640,1,135.2460613968192,2026-02-26 18:02:02.960472,Karachi,Card
641,11,183.21076503549358,2026-02-26 18:02:12.960472,Lahore,Cash
642,48,283.45107626446963,2026-02-26 18:02:22.960472,Karachi,Cash
643,17,187.02043243181976,2026-02-26 18:02:32.960472,Islamabad,Card
644,42,124.8428523440947,2026-02-26 18:02:42.960472,Karachi,Cash
645,19,187.71284679570277,2026-02-26 18:02:52.960472,Karachi,Card
646,18,186.36382151261648,2026-02-26 18:03:02.960472,Karachi,Card
647,33,65.15566785292143,2026-02-26 18:03:12.960472,Islamabad,Online
648,15,197.28525667410938,2026-02-26 18:03:22.960472,Karachi,Online
649,28,188.4532734895661,2026-02-26 18:03:32.960472,Islamabad,Card
650,40,234.8103182406709,2026-02-26 18:03:42.960472,Karachi,Online
651,44,292.44780474726724,2026-02-26 18:03:52.960472,Islamabad,Online
652,29,256.3282514773879,2026-02-26 18:04:02.960472,Islamabad,Online
653,31,186.55556547225848,2026-02-26 18:04:12.960472,Karachi,Card
654,12,144.6737045629165,2026-02-26 18:04:22.960472,Islamabad,Online
655,4,328.667990162493,2026-02-26 18:04:32.960472,Karachi,Online
656,26,202.9609217007244,2026-02-26 18:04:42.960472,Karachi,Card
657,16,200.6964645956473,2026-02-26 18:04:52.960472,Lahore,Card
658,33,198.79374564449984,2026-02-26 18:05:02.960472,Karachi,Cash
659,37,209.90423803839275,2026-02-26 18:05:12.960472,Karachi,Card
660,18,192.78197940380286,2026-02-26 18:05:22.960472,Islamabad,Cash
661,23,171.31689965598818,2026-02-26 18:05:32.960472,Lahore,Online
662,24,172.65705293798038,2026-02-26 18:05:42.960472,Lahore,Cash
663,20,198.3623364892001,2026-02-26 18:05:52.960472,Karachi,Cash
664,4,172.82876144331175,2026-02-26 18:06:02.960472,Lahore,Cash
665,30,164.3577108661418,2026-02-26 18:06:12.960472,Lahore,Cash
666,5,205.32151138459483,2026-02-26 18:06:22.960472,Lahore,Card
667,32,187.25113912895725,2026-02-26 18:06:32.960472,Karachi,Online
668,41,275.1996494291344,2026-02-26 18:06:42.960472,Lahore,Card
669,36,67.45150958034941,2026-02-26 18:06:52.960472,Karachi,Online
670,29,254.57534259612308,2026-02-26 18:07:02.960472,Lahore,Cash
671,15,262.30425962488147,2026-02-26 18:07:12.960472,Islamabad,Cash
672,29,96.33048837959252,2026-02-26 18:07:22.960472,Islamabad,Online
673,38,182.86562029598255,2026-02-26 18:07:32.960472,Islamabad,Online
674,10,181.42795670021042,2026-02-26 18:07:42.960472,Lahore,Cash
675,33,129.62441526410893,2026-02-26 18:07:52.960472,Karachi,Cash
676,48,161.10916562045622,2026-02-26 18:08:02.960472,Lahore,Online
677,19,144.47120772670857,2026-02-26 18:08:12.960472,Karachi,Card
678,38,287.6135221711811,2026-02-26 18:08:22.960472,Lahore,Card
679,5,246.78391965737305,2026-02-26 18:08:32.960472,Karachi,Card
680,12,263.57775474970794,2026-02-26 18:08:42.960472,Karachi,Cash
681,26,236.08360320216175,2026-02-26 18:08:52.960472,Lahore,Card
682,43,143.54741143913856,2026-02-26 18:09:02.960472,Karachi,Online
683,2,173.7739866860113,2026-02-26 18:09:12.960472,Islamabad,Card
684,28,224.4687280613959,2026-02-26 18:09:22.960472,Islamabad,Card
685,47,138.89360955540275,2026-02-26 18:09:32.960472,Lahore,Online
686,50,235.6499215086194,2026-02-26 18:09:42.960472,Karachi,Online
687,29,187.98373009209325,2026-02-26 18:09:52.960472,Karachi,Card
688,8,181.25895962252014,2026-02-26 18:10:02.960472,Karachi,Cash
689,8,13302.198645669916,2026-02-26 18:10:12.960472,Karachi,Card
690,22,222.213165574302,2026-02-26 18:10:22.960472,Islamabad,Online
691,18,282.31986213399864,2026-02-26 18:10:32.960472,Islamabad,Card
692,5,149.64553178468694,2026-02-26 18:10:42.960472,Lahore,Online
693,41,167.1383340941253,2026-02-26 18:10:52.960472,Lahore,Cash
694,5,153.13221588883394,2026-02-26 18:11:02.960472,Karachi,Cash
695,15,116.51104139658,2026-02-26 18:11:12.960472,Karachi,Card
696,44,288.23434671313595,2026-02-26 18:11:22.960472,Karachi,Online
697,17,137.92493845254387,2026-02-26 18:11:32.960472,Lahore,Cash
698,41,159.18472954725772,2026-02-26 18:11:42.960472,Islamabad,Cash
699,46,265.788325414108,2026-02-26 18:11:52.960472,Lahore,Cash
700,34,112.34464765308924,2026-02-26 18:12:02.960472,Lahore,Card
701,42,237.81757846436906,2026-02-26 18:12:12.960472,Islamabad,Cash
702,47,129.34878273291113,2026-02-26 18:12:22.960472,Islamabad,Online
703,31,262.33473682647934,2026-02-26 18:12:32.960472,Karachi,Cash
704,14,91.50611564795707,2026-02-26 18:12:42.960472,Islamabad,Online
705,22,112.32652918746686,2026-02-26 18:12:52.960472,Karachi,Card
706,1,172.75388825205457,2026-02-26 18:13:02.960472,Karachi,Cash
707,39,248.59113450863677,2026-02-26 18:13:12.960472,Karachi,Card
708,35,198.45208746817133,2026-02-26 18:13:22.960472,Karachi,Online
709,3,183.21424635567146,2026-02-26 18:13:32.960472,Islamabad,Cash
710,25,267.3022103732359,2026-02-26 18:13:42.960472,Karachi,Cash
711,33,307.7619769216536,2026-02-26 18:13:52.960472,Islamabad,Cash
712,1,233.6128642206886,2026-02-26 18:14:02.960472,Lahore,Card
713,36,168.85727484493583,2026-02-26 18:14:12.960472,Lahore,Card
714,22,13349.302367992992,2026-02-26 18:14:22.960472,Lahore,Card
715,39,200.92169665326966,2026-02-26 18:14:32.960472,Islamabad,Cash
716,9,217.37908526808354,2026-02-26 18:14:42.960472,Karachi,Cash
717,21,173.01201598453193,2026-02-26 18:14:52.960472,Islamabad,Card
718,17,161.08476372988437,2026-02-26 18:15:02.960472,Islamabad,Card
719,30,209.79226275488406,2026-02-26 18:15:12.960472,Lahore,Card
720,33,151.0813611192484,2026-02-26 18:15:22.960472,Islamabad,Online
721,16,220.4126377857236,2026-02-26 18:15:32.960472,Karachi,Online
722,44,114.87081978810798,2026-02-26 18:15:42.960472,Islamabad,Cash
723,31,251.45778186628218,2026-02-26 18:15:52.960472,Islamabad,Online
724,31,223.62987412065215,2026-02-26 18:16:02.960472,Lahore,Online
725,50,212.80148671569378,2026-02-26 18:16:12.960472,Karachi,Cash
726,45,249.1345491972757,2026-02-26 18:16:22.960472,Islamabad,Card
727,26,283.27372222312886,2026-02-26 18:16:32.960472,Karachi,Card
728,41,250.7185032509065,2026-02-26 18:16:42.960472,Lahore,Card
729,32,107.95628843341774,2026-02-26 18:16:52.960472,Lahore,Card
730,18,136.02115166321494,2026-02-26 18:17:02.960472,Islamabad,Card
731,12,168.75907111521605,2026-02-26 18:17:12.960472,Karachi,Card
732,45,201.3045525105417,2026-02-26 18:17:22.960472,Lahore,Card
733,46,225.88295102345614,2026-02-26 18:17:32.960472,Karachi,Online
734,36,163.71280934232672,2026-02-26 18:17:42.960472,Lahore,Cash
735,18,209.33833822385392,2026-02-26 18:17:52.960472,Islamabad,Cash
736,2,162.23085338233386,2026-02-26 18:18:02.960472,Islamabad,Card
737,42,169.4241098504026,2026-02-26 18:18:12.960472,Islamabad,Online
738,30,129.66694515758888,2026-02-26 18:18:22.960472,Lahore,Online
739,35,153.8383376944548,2026-02-26 18:18:32.960472,Islamabad,Online
740,36,132.41576971918332,2026-02-26 18:18:42.960472,Islamabad,Card
741,34,151.20633735113336,2026-02-26 18:18:52.960472,Karachi,Cash
742,48,252.682089830392,2026-02-26 18:19:02.960472,Karachi,Card
743,1,152.53005555840286,2026-02-26 18:19:12.960472,Karachi,Cash
744,2,331.61910324186954,2026-02-26 18:19:22.960472,Lahore,Card
745,24,224.66589504404448,2026-02-26 18:19:32.960472,Lahore,Online
746,11,209.2418061847437,2026-02-26 18:19:42.960472,Karachi,Cash
747,17,157.08211099093933,2026-02-26 18:19:52.960472,Lahore,Card
748,27,235.01549397044957,2026-02-26 18:20:02.960472,Islamabad,Cash
749,15,171.2181086881113,2026-02-26 18:20:12.960472,Lahore,Online
750,40,206.10049073226807,2026-02-26 18:20:22.960472,Lahore,Cash
751,37,328.00422691343977,2026-02-26 18:20:32.960472,Karachi,Online
752,24,195.1970050137675,2026-02-26 18:20:42.960472,Karachi,Cash
753,50,257.4636663142838,2026-02-26 18:20:52.960472,Karachi,Online
754,47,164.84117874370563,2026-02-26 18:21:02.960472,Lahore,Cash
755,1,198.25057547515192,2026-02-26 18:21:12.960472,Karachi,Online
756,1,288.5400317817755,2026-02-26 18:21:22.960472,Karachi,Card
757,3,168.65164711061163,2026-02-26 18:21:32.960472,Karachi,Online
758,24,290.62242789984646,2026-02-26 18:21:42.960472,Islamabad,Online
759,35,235.38759677277378,2026-02-26 18:21:52.960472,Lahore,Cash
760,2,171.8766612052866,2026-02-26 18:22:02.960472,Karachi,Card
761,44,231.62038695277604,2026-02-26 18:22:12.960472,Islamabad,Online
762,49,248.6277224813365,2026-02-26 18:22:22.960472,Islamabad,Cash
763,6,231.0904981108598,2026-02-26 18:22:32.960472,Karachi,Cash
764,43,121.48876400547718,2026-02-26 18:22:42.960472,Karachi,Online
765,1,163.64314120875656,2026-02-26 18:22:52.960472,Karachi,Card
766,24,187.62406822242477,2026-02-26 18:23:02.960472,Lahore,Online
767,3,196.2783285449977,2026-02-26 18:23:12.960472,Lahore,Cash
768,2,231.0336048775339,2026-02-26 18:23:22.960472,Karachi,Online
769,36,208.88505004666268,2026-02-26 18:23:32.960472,Islamabad,Cash
770,40,133.23278206449493,2026-02-26 18:23:42.960472,Lahore,Online
771,7,219.00989255029816,2026-02-26 18:23:52.960472,Lahore,Cash
772,20,230.52928726419117,2026-02-26 18:24:02.960472,Islamabad,Cash
773,36,227.989522396552,2026-02-26 18:24:12.960472,Islamabad,Cash
774,21,254.0390362777311,2026-02-26 18:24:22.960472,Karachi,Card
775,32,241.6961077274452,2026-02-26 18:24:32.960472,Lahore,Card
776,19,222.95900396142184,2026-02-26 18:24:42.960472,Karachi,Online
777,6,196.49171442706765,2026-02-26 18:24:52.960472,Karachi,Cash
778,3,116.95195332420043,2026-02-26 18:25:02.960472,Islamabad,Card
779,15,221.4809109566293,2026-02-26 18:25:12.960472,Islamabad,Cash
780,41,210.38438435815556,2026-02-26 18:25:22.960472,Lahore,Cash
781,31,213.57894185976866,2026-02-26 18:25:32.960472,Karachi,Card
782,32,136.16257120898453,2026-02-26 18:25:42.960472,Islamabad,Card
783,33,145.94717297958687,2026-02-26 18:25:52.960472,Islamabad,Card
784,8,252.6576426666452,2026-02-26 18:26:02.960472,Lahore,Card
785,42,198.02224230716726,2026-02-26 18:26:12.960472,Lahore,Cash
786,33,234.07503486863123,2026-02-26 18:26:22.960472,Islamabad,Cash
787,43,201.41591880652305,2026-02-26 18:26:32.960472,Karachi,Cash
788,5,201.48780697478725,2026-02-26 18:26:42.960472,Karachi,Online
789,39,246.9141902987999,2026-02-26 18:26:52.960472,Islamabad,Card
790,14,174.1977635891313,2026-02-26 18:27:02.960472,Karachi,Cash
791,46,204.80603884704917,2026-02-26 18:27:12.960472,Karachi,Card
792,50,176.8862355647479,2026-02-26 18:27:22.960472,Islamabad,Card
793,37,178.27518862838423,2026-02-26 18:27:32.960472,Karachi,Card
794,13,184.54139382656803,2026-02-26 18:27:42.960472,Karachi,Online
795,22,211.10668858168563,2026-02-26 18:27:52.960472,Islamabad,Online
796,29,176.06256891682614,2026-02-26 18:28:02.960472,Islamabad,Cash
797,24,262.78780627867604,2026-02-26 18:28:12.960472,Karachi,Cash
798,6,155.26963488902481,2026-02-26 18:28:22.960472,Karachi,Cash
799,37,190.65641779193206,2026-02-26 18:28:32.960472,Islamabad,Online
800,36,178.01344708629125,2026-02-26 18:28:42.960472,Lahore,Cash
801,31,272.3488942176866,2026-02-26 18:28:52.960472,Karachi,Online
802,3,209.82773882557873,2026-02-26 18:29:02.960472,Islamabad,Card
803,11,251.59222697343174,2026-02-26 18:29:12.960472,Lahore,Cash
804,31,125.7219813481514,2026-02-26 18:29:22.960472,Islamabad,Online
805,3,213.35251329346295,2026-02-26 18:29:32.960472,Lahore,Online
806,19,244.48153978117185,2026-02-26 18:29:42.960472,Islamabad,Online
807,24,204.1141994637712,2026-02-26 18:29:52.960472,Islamabad,Cash
808,9,253.27401875326757,2026-02-26 18:30:02.960472,Islamabad,Cash
809,5,174.1355774949814,2026-02-26 18:30:12.960472,Karachi,Cash
810,29,270.46737200927896,2026-02-26 18:30:22.960472,Karachi,Cash
811,38,314.9449061809625,2026-02-26 18:30:32.960472,Islamabad,Cash
812,27,181.85807197801705,2026-02-26 18:30:42.960472,Karachi,Cash
813,29,177.7248739299614,2026-02-26 18:30:52.960472,Islamabad,Card
814,40,272.66922385588504,2026-02-26 18:31:02.960472,Islamabad,Cash
815,48,278.97860728653563,2026-02-26 18:31:12.960472,Karachi,Card
816,47,173.85699864233658,2026-02-26 18:31:22.960472,Islamabad,Online
817,34,178.99065914520713,2026-02-26 18:31:32.960472,Lahore,Card
818,42,185.91076955697463,2026-02-26 18:31:42.960472,Lahore,Card
819,12,132.77747444828614,2026-02-26 18:31:52.960472,Islamabad,Cash
820,13,154.0674026757901,2026-02-26 18:32:02.960472,Lahore,Online
821,10,149.7929616623966,2026-02-26 18:32:12.960472,Islamabad,Card
822,37,161.6101217447936,2026-02-26 18:32:22.960472,Karachi,Card
823,38,198.26575563066095,2026-02-26 18:32:32.960472,Islamabad,Online
824,31,211.71073662682605,2026-02-26 18:32:42.960472,Lahore,Online
825,3,277.52502464070386,2026-02-26 18:32:52.960472,Karachi,Cash
826,4,150.08229796306046,2026-02-26 18:33:02.960472,Islamabad,Online
827,21,249.21611992382918,2026-02-26 18:33:12.960472,Lahore,Online
828,19,189.30055778872455,2026-02-26 18:33:22.960472,Islamabad,Cash
829,7,11134.113892107078,2026-02-26 18:33:32.960472,Islamabad,Card
830,46,233.7409746083302,2026-02-26 18:33:42.960472,Karachi,Card
831,14,258.3551457191818,2026-02-26 18:33:52.960472,Karachi,Cash
832,33,281.0554278893858,2026-02-26 18:34:02.960472,Islamabad,Card
833,14,121.50198311713285,2026-02-26 18:34:12.960472,Lahore,Online
834,26,203.69814820367841,2026-02-26 18:34:22.960472,Karachi,Cash
835,31,174.1233174545888,2026-02-26 18:34:32.960472,Lahore,Online
836,4,170.0537801720332,2026-02-26 18:34:42.960472,Islamabad,Cash
837,38,227.7688408403454,2026-02-26 18:34:52.960472,Karachi,Cash
838,21,168.8564751788358,2026-02-26 18:35:02.960472,Karachi,Card
839,5,175.20154768367647,2026-02-26 18:35:12.960472,Lahore,Card
840,10,191.59425521873533,2026-02-26 18:35:22.960472,Karachi,Online
841,42,181.33003658117153,2026-02-26 18:35:32.960472,Karachi,Card
842,22,141.32148964939375,2026-02-26 18:35:42.960472,Karachi,Online
843,22,239.7953252423737,2026-02-26 18:35:52.960472,Karachi,Cash
844,17,252.42654692538002,2026-02-26 18:36:02.960472,Lahore,Cash
845,44,7244.405718366606,2026-02-26 18:36:12.960472,Karachi,Card
846,17,181.17236744888672,2026-02-26 18:36:22.960472,Karachi,Card
847,43,210.14615104256498,2026-02-26 18:36:32.960472,Islamabad,Card
848,21,124.2127942501384,2026-02-26 18:36:42.960472,Islamabad,Online
849,45,277.3752600665031,2026-02-26 18:36:52.960472,Lahore,Card
850,38,289.7938836547761,2026-02-26 18:37:02.960472,Lahore,Cash
851,46,13887.480798689772,2026-02-26 18:37:12.960472,Karachi,Online
852,28,180.6149220032008,2026-02-26 18:37:22.960472,Islamabad,Online
853,3,227.1749551394671,2026-02-26 18:37:32.960472,Lahore,Cash
854,50,254.18048269527355,2026-02-26 18:37:42.960472,Islamabad,Online
855,46,157.47217706689023,2026-02-26 18:37:52.960472,Lahore,Cash
856,29,205.23676493190652,2026-02-26 18:38:02.960472,Lahore,Card
857,9,112.57265075212368,2026-02-26 18:38:12.960472,Karachi,Card
858,3,137.13298497855777,2026-02-26 18:38:22.960472,Lahore,Card
859,14,244.20504182795898,2026-02-26 18:38:32.960472,Islamabad,Cash
860,23,9958.757350787708,2026-02-26 18:38:42.960472,Lahore,Online
861,21,174.11943504819143,2026-02-26 18:38:52.960472,Islamabad,Card
862,29,211.18939758194492,2026-02-26 18:39:02.960472,Karachi,Online
863,44,199.1788551963624,2026-02-26 18:39:12.960472,Lahore,Card
864,3,259.4196636724042,2026-02-26 18:39:22.960472,Islamabad,Online
865,2,326.3466212936811,2026-02-26 18:39:32.960472,Karachi,Cash
866,12,173.45656135398397,2026-02-26 18:39:42.960472,Lahore,Card
867,50,175.52802787408888,2026-02-26 18:39:52.960472,Islamabad,Cash
868,36,252.2080438534536,2026-02-26 18:40:02.960472,Islamabad,Cash
869,24,7670.282701694214,2026-02-26 18:40:12.960472,Lahore,Cash
870,35,13786.29986355158,2026-02-26 18:40:22.960472,Lahore,Card
871,45,229.53274153461547,2026-02-26 18:40:32.960472,Islamabad,Online
872,9,255.4351790291454,2026-02-26 18:40:42.960472,Islamabad,Online
873,39,11974.714616692836,2026-02-26 18:40:52.960472,Karachi,Online
874,38,225.36370155536488,2026-02-26 18:41:02.960472,Islamabad,Card
875,50,250.4260412389291,2026-02-26 18:41:12.960472,Lahore,Card
876,15,276.58444006204576,2026-02-26 18:41:22.960472,Karachi,Online
877,49,167.54043375481604,2026-02-26 18:41:32.960472,Karachi,Cash
878,12,224.02810537053736,2026-02-26 18:41:42.960472,Islamabad,Card
879,23,181.48383157013518,2026-02-26 18:41:52.960472,Karachi,Online
880,3,158.32205063603666,2026-02-26 18:42:02.960472,Islamabad,Online
881,8,165.5229839459817,2026-02-26 18:42:12.960472,Lahore,Online
882,42,224.74777587807628,2026-02-26 18:42:22.960472,Islamabad,Card
883,33,220.9126277393,2026-02-26 18:42:32.960472,Islamabad,Online
884,35,220.02060146192184,2026-02-26 18:42:42.960472,Lahore,Cash
885,11,188.71431762153335,2026-02-26 18:42:52.960472,Islamabad,Cash
886,28,200.17073755892054,2026-02-26 18:43:02.960472,Karachi,Online
887,1,240.88763479380248,2026-02-26 18:43:12.960472,Islamabad,Card
888,14,125.5303470175347,2026-02-26 18:43:22.960472,Lahore,Online
889,48,201.2321049214292,2026-02-26 18:43:32.960472,Islamabad,Cash
890,21,204.4978074063395,2026-02-26 18:43:42.960472,Islamabad,Online
891,38,237.66521345388247,2026-02-26 18:43:52.960472,Karachi,Card
892,13,132.48757940285873,2026-02-26 18:44:02.960472,Karachi,Cash
893,45,274.7566872758706,2026-02-26 18:44:12.960472,Karachi,Card
894,2,210.6815212214255,2026-02-26 18:44:22.960472,Lahore,Cash
895,12,10412.665786761103,2026-02-26 18:44:32.960472,Lahore,Online
896,33,179.93101213338866,2026-02-26 18:44:42.960472,Islamabad,Online
897,27,195.2352233806524,2026-02-26 18:44:52.960472,Islamabad,Cash
898,10,213.95107628851696,2026-02-26 18:45:02.960472,Karachi,Online
899,27,230.39482548582697,2026-02-26 18:45:12.960472,Lahore,Online
900,37,209.3304561578179,2026-02-26 18:45:22.960472,Karachi,Online
901,25,177.67831927247357,2026-02-26 18:45:32.960472,Karachi,Online
902,42,209.7044996449154,2026-02-26 18:45:42.960472,Lahore,Online
903,2,253.6815874929886,2026-02-26 18:45:52.960472,Karachi,Card
904,43,148.674235029447,2026-02-26 18:46:02.960472,Lahore,Card
905,44,206.64848370734381,2026-02-26 18:46:12.960472,Islamabad,Cash
906,36,164.99395925304134,2026-02-26 18:46:22.960472,Lahore,Cash
907,37,259.7523314462421,2026-02-26 18:46:32.960472,Karachi,Online
908,8,123.84065476081126,2026-02-26 18:46:42.960472,Islamabad,Cash
909,25,172.05390763642058,2026-02-26 18:46:52.960472,Lahore,Cash
910,25,218.86059375322606,2026-02-26 18:47:02.960472,Lahore,Card
911,23,278.27620146171705,2026-02-26 18:47:12.960472,Lahore,Online
912,25,196.71248694635062,2026-02-26 18:47:22.960472,Lahore,Cash
913,41,172.2400236653401,2026-02-26 18:47:32.960472,Lahore,Cash
914,2,294.0578534720295,2026-02-26 18:47:42.960472,Karachi,Card
915,33,127.5993049791878,2026-02-26 18:47:52.960472,Lahore,Online
916,23,90.0597021689959,2026-02-26 18:48:02.960472,Islamabad,Online
917,35,222.00072250266663,2026-02-26 18:48:12.960472,Karachi,Online
918,17,174.89728878236946,2026-02-26 18:48:22.960472,Karachi,Card
919,50,148.93835914346434,2026-02-26 18:48:32.960472,Lahore,Card
920,28,235.41782236496766,2026-02-26 18:48:42.960472,Karachi,Card
921,36,212.19003568855993,2026-02-26 18:48:52.960472,Karachi,Cash
922,27,171.79606846316358,2026-02-26 18:49:02.960472,Karachi,Card
923,2,135.9847800664553,2026-02-26 18:49:12.960472,Islamabad,Online
924,19,243.62286641400723,2026-02-26 18:49:22.960472,Karachi,Online
925,20,232.51005889793305,2026-02-26 18:49:32.960472,Lahore,Cash
926,13,195.04120681103086,2026-02-26 18:49:42.960472,Lahore,Cash
927,8,292.3318498023833,2026-02-26 18:49:52.960472,Islamabad,Online
928,26,146.49576168369236,2026-02-26 18:50:02.960472,Lahore,Online
929,48,123.72374145376305,2026-02-26 18:50:12.960472,Islamabad,Card
930,43,165.40459650593777,2026-02-26 18:50:22.960472,Lahore,Card
931,42,197.7206991822251,2026-02-26 18:50:32.960472,Lahore,Cash
932,25,212.16697246613458,2026-02-26 18:50:42.960472,Islamabad,Online
933,1,7131.047040250833,2026-02-26 18:50:52.960472,Karachi,Cash
934,43,217.60276982571483,2026-02-26 18:51:02.960472,Lahore,Online
935,29,203.71031069000776,2026-02-26 18:51:12.960472,Islamabad,Online
936,46,188.5298698634824,2026-02-26 18:51:22.960472,Karachi,Card
937,30,247.52513776413124,2026-02-26 18:51:32.960472,Lahore,Cash
938,19,182.85120858486854,2026-02-26 18:51:42.960472,Islamabad,Cash
939,45,225.27509053057454,2026-02-26 18:51:52.960472,Karachi,Cash
940,12,198.5537557912565,2026-02-26 18:52:02.960472,Islamabad,Cash
941,12,213.48346786985354,2026-02-26 18:52:12.960472,Islamabad,Card
942,37,188.49717822018087,2026-02-26 18:52:22.960472,Islamabad,Online
943,23,235.38577706248103,2026-02-26 18:52:32.960472,Islamabad,Online
944,21,236.12700401450385,2026-02-26 18:52:42.960472,Lahore,Card
945,48,222.9964512911072,2026-02-26 18:52:52.960472,Lahore,Online
946,29,230.37571635747523,2026-02-26 18:53:02.960472,Lahore,Card
947,3,152.78156112284736,2026-02-26 18:53:12.960472,Karachi,Online
948,49,216.16228814544897,2026-02-26 18:53:22.960472,Islamabad,Online
949,23,262.46008837437665,2026-02-26 18:53:32.960472,Lahore,Card
950,9,224.57022835097487,2026-02-26 18:53:42.960472,Lahore,Cash
951,39,148.46412485992386,2026-02-26 18:53:52.960472,Karachi,Cash
952,24,6251.857922025504,2026-02-26 18:54:02.960472,Karachi,Card
953,41,166.1803848970365,2026-02-26 18:54:12.960472,Karachi,Card
954,12,290.0470216455408,2026-02-26 18:54:22.960472,Karachi,Cash
955,16,197.99210246778284,2026-02-26 18:54:32.960472,Islamabad,Online
956,30,128.4612448940976,2026-02-26 18:54:42.960472,Islamabad,Cash
957,13,206.40522074553945,2026-02-26 18:54:52.960472,Islamabad,Online
958,24,165.94741712625597,2026-02-26 18:55:02.960472,Karachi,Online
959,29,242.0321774494362,2026-02-26 18:55:12.960472,Karachi,Online
960,33,167.36880103488045,2026-02-26 18:55:22.960472,Karachi,Online
961,3,177.690828339261,2026-02-26 18:55:32.960472,Karachi,Online
962,10,105.52296345272345,2026-02-26 18:55:42.960472,Lahore,Cash
963,26,177.38468403754615,2026-02-26 18:55:52.960472,Islamabad,Cash
964,28,78.80603366855216,2026-02-26 18:56:02.960472,Karachi,Card
965,7,120.80485882571384,2026-02-26 18:56:12.960472,Islamabad,Cash
966,1,238.02073280721487,2026-02-26 18:56:22.960472,Islamabad,Online
967,49,239.2900079325416,2026-02-26 18:56:32.960472,Lahore,Card
968,18,221.27287808924825,2026-02-26 18:56:42.960472,Lahore,Cash
969,12,151.65119284353935,2026-02-26 18:56:52.960472,Islamabad,Cash
970,15,197.614432192901,2026-02-26 18:57:02.960472,Islamabad,Cash
971,5,199.81987304547158,2026-02-26 18:57:12.960472,Karachi,Cash
972,35,142.08176554037286,2026-02-26 18:57:22.960472,Lahore,Cash
973,50,275.1699150883575,2026-02-26 18:57:32.960472,Karachi,Cash
974,12,243.86811452878356,2026-02-26 18:57:42.960472,Islamabad,Cash
975,15,188.95179130851682,2026-02-26 18:57:52.960472,Karachi,Card
976,21,201.34429194972654,2026-02-26 18:58:02.960472,Islamabad,Cash
977,14,210.41914039737762,2026-02-26 18:58:12.960472,Islamabad,Online
978,9,97.91325657878546,2026-02-26 18:58:22.960472,Karachi,Card
979,36,187.64113087397016,2026-02-26 18:58:32.960472,Lahore,Cash
980,36,165.90078760011008,2026-02-26 18:58:42.960472,Islamabad,Online
981,50,149.91899950525422,2026-02-26 18:58:52.960472,Lahore,Cash
982,14,185.94498535570224,2026-02-26 18:59:02.960472,Islamabad,Card
983,4,289.88432634247613,2026-02-26 18:59:12.960472,Islamabad,Card
984,49,232.0421430633505,2026-02-26 18:59:22.960472,Lahore,Cash
985,34,171.44105051086015,2026-02-26 18:59:32.960472,Lahore,Cash
986,2,228.62913906780793,2026-02-26 18:59:42.960472,Karachi,Online
987,39,269.9677718293001,2026-02-26 18:59:52.960472,Lahore,Online
988,41,246.23168414563844,2026-02-26 19:00:02.960472,Karachi,Cash
989,25,202.9815184960087,2026-02-26 19:00:12.960472,Islamabad,Online
990,5,167.6531611147213,2026-02-26 19:00:22.960472,Lahore,Cash
991,21,234.9111656806795,2026-02-26 19:00:32.960472,Karachi,Card
992,39,219.67426927108747,2026-02-26 19:00:42.960472,Lahore,Card
993,8,244.7596610013866,2026-02-26 19:00:52.960472,Lahore,Cash
994,10,231.75859008409847,2026-02-26 19:01:02.960472,Islamabad,Cash
995,41,252.47763576596677,2026-02-26 19:01:12.960472,Islamabad,Online
996,5,173.2382394219716,2026-02-26 19:01:22.960472,Lahore,Card
997,38,265.8697032817163,2026-02-26 19:01:32.960472,Karachi,Online
998,39,209.87998023461998,2026-02-26 19:01:42.960472,Lahore,Card
999,23,303.76304363126326,2026-02-26 19:01:52.960472,Lahore,Cash
1000,2,165.5406090955216,2026-02-26 19:02:02.960472,Islamabad,Card
